"会議開始からの時刻","日付","時刻","話者","タグ","発言内容"
"00:00:00","2026/01/15","13:31:09","speaker1","","書いてますから、非常があります。"
"00:00:08","2026/01/15","13:31:17","speaker1","","NHKです。受けていらっしゃるんです。はい。ページ数で言うと22ページですね。"
"00:00:18","2026/01/15","13:31:27","speaker1","","22ページに比重というのはあります一番右側に比重というのがあります。"
"00:00:25","2026/01/15","13:31:34","speaker1","","アルミニウムは2.7しかありません。これアルミニウムです。"
"00:00:30","2026/01/15","13:31:39","speaker1","","これはですね、袖ケ浦の東京ガスのLNGのタンクのタンクの一番NGタンクの一番"
"00:00:43","2026/01/15","13:31:52","speaker1","","パックの一番下の段の厚みです。これぐらいあります5センチぐらいありますこれはマイナス170度っていう低温のLNGが液化されてますからそれを保てる金属ってのはどうかアルミしかないんですね。液低音用の金属ということで、あの鉄ではとてももたなくてですね。"
"00:01:10","2026/01/15","13:32:19","speaker1","","普通はどう使うんですけれども、道は今度は逆に重くなりすぎちゃってですね、アルミを使うということです。ということで。はいはいはいはいこっち"
"00:01:25","2026/01/15","13:32:34","speaker1","","はい人事の宮内です。お疲れ様です。です。多くの方にお集まりいただきましてありがとうございます。Webでご参加いただいてる方々もありがとうございます今回、会長にいろいろなこれまでのご経験ご知見をみんなにもぜひ共有していただきたいなと思いまして深くさせていただきました。"
"00:01:48","2026/01/15","13:32:57","speaker1","","江藤会長は非常に博識なのでいろんなところに話が行く可能性があるんですけれども"
"00:01:55","2026/01/15","13:33:04","speaker1","","先日長さんと私で1割は脱線してもいいんですけど9割はテーマに沿ってくださいっていうお願いをさせていただきましたはい、どうぞ。会長は多分、鈴木さん、とても素敵な話をしてくれると思います。"
"00:02:09","2026/01/15","13:33:18","speaker1","","始めたいと思います。今日はどこどこが変わってるんすか。"
"00:02:16","2026/01/15","13:33:25","speaker1","","いろいろもう前事務所からここでそういうところなんか調べてるんですね繋がって僕に挨拶しなくてもいいですか。カメラカメラの方に"
"00:02:26","2026/01/15","13:33:35","speaker1","","始めたいと思いますよろしくお願いします。"
"00:02:30","2026/01/15","13:33:39","speaker1","","よろしくお願いします。"
"00:02:34","2026/01/15","13:33:43","speaker1","","あの免停の講習以外に勉強したことのない皆さん退屈だろうと思います。おまけにですね、宮内と長が来ましてですね、脱線するんだというんですね。達成しないと面白くないので、真面目な話を面白くないんでですね、少しずつ脱線しながらいきたいと思います。"
"00:02:55","2026/01/15","13:34:04","speaker1","","まず冒頭に、今の高市内閣が発足しまして、1ヶ月ほど経ちましたけれども、結果どうなったかっていうと、10円ほどですね、円安になりました。"
"00:03:11","2026/01/15","13:34:20","speaker1","","長期金利は1.83%という非常に長期金利高くなり皆さんのローンがですね、逼迫してくるだろうというふうに思います。要するに、お金の値打ちが下がってきてるっていうことですね。その分、逆に今度はですね、"
"00:03:29","2026/01/15","13:34:38","speaker1","","金が値段をですね、上げていくと、こういう図式で、今日はそのちょっと脱線していくと、金の価格がなぜ上がるかっていうことと、金とはなんぞやというようなことを少し話をしながら進めていきたいというふうに思います。どうしましょう。"
"00:03:49","2026/01/15","13:34:58","speaker1","","OHいただければ出します。一番最初に私の生い立ちを一つすいません貧しい親父の生い立ちお昼寝ですねそうなんですよ。"
"00:04:01","2026/01/15","13:35:10","speaker1","","私のおばあちゃんです。"
"00:04:05","2026/01/15","13:35:14","speaker1","","私小さい頃からおばあちゃん子でですねずっとおばあちゃんに育てられて最後韓国に旅行して帰ってきたときにですね、"
"00:04:22","2026/01/15","13:35:31","speaker1","","玄関で待っていてくれたんですよいう形だったんですけどもね。"
"00:04:29","2026/01/15","13:35:38","speaker1","","私の25歳のときだったんですね。演劇をやって戻ってきてタクシーを降りたら帰ってきたかっつっていってそのまま私の腕の中で倒れて亡くなりました。"
"00:04:47","2026/01/15","13:35:56","speaker1","","そういうおばあちゃん93歳まで行きまして、しずっとあのキセルでタバコ吸ってましたよね。タバコが延命と何か害があるというのはあんまり思いませんずっとタバコ吸って93歳までいきましたんで"
"00:05:05","2026/01/15","13:36:14","speaker1","","親父です。次はですね、"
"00:05:09","2026/01/15","13:36:18","speaker1","","これがもう子供が親スポーツのあるんすか親が子供に不幸するってのはこういうことかなと思うんですが、私は12歳のときにですね、中学校2年生ですよ。酒を飲み過ぎまして肝硬変で"
"00:05:28","2026/01/15","13:36:37","speaker1","","兄弟下に兄弟5人おりますけれども、今日だい5人、私が12歳のときですから、一番下の子のちびはですね、生まれたばかりの頃にからそうだ。こちらの一番左の私のお母さんなんですが、どういう枠内にはお母さんが2人おりましてですね。"
"00:05:49","2026/01/15","13:36:58","speaker1","","お母さん2人とおばあちゃんと兄弟5人と8人がですね、子供不幸の親父がですね、酒飲みすぎて肝硬変で亡くなりまして路頭に迷うとこういうことから、私の人生は暗黒から始まりました。"
"00:06:07","2026/01/15","13:37:16","speaker1","","本当にもうどうしようもない惨めな中学校時代だったんですね。おばあちゃんも私の"
"00:06:22","2026/01/15","13:37:31","speaker1","","おばあちゃんはもちろん日本語全くわかりませんこの人は韓国しかわからなかった指導です。うちの母親も、元々長男の長男の家だったんで後を継がなきゃいかんということで結婚していた親父がですね、"
"00:06:43","2026/01/15","13:37:52","speaker1","","前の奥さんの間に子供ができなかったっていうことで無理やり韓国のにですねなんか騙し討ちみたいに呼び方を募集してですね、来てみたらここでもうそこに奥さんがいるところへ来たんですね。"
"00:07:02","2026/01/15","13:38:11","speaker1","","おばあちゃんがいて奥さんがいてですね、どうよく戻らなかったなと思うんですよね。普通なら帰りますよね。それが非常に我慢強かったっていうことと、それから非常に日本語全く書けなかったんですね日本語がわかるんですけど、あの文字が書けなかったんすね。でも、"
"00:07:25","2026/01/15","13:38:34","speaker1","","非常に軽い人で、何かバスのGが一つ一つだけ何かわかるとですね、それで行き先がわかってどこでも行きました。最後は苦しちゃうんで、75歳で亡くなり私が55歳のときですから、75歳で亡くなりました。"
"00:07:47","2026/01/15","13:38:56","speaker1","","キリスト教徒だったんでですね今日か名古屋の教会でお水をやったんですが、そのときに全く知らないですね日本のお客さんが"
"00:08:02","2026/01/15","13:39:11","speaker1","","40人ぐらいを視野に名だったんですかねどんなことかもさっぱり見たこともない方々だったんですが、聞いてみたら"
"00:08:13","2026/01/15","13:39:22","speaker1","","いやびっくりしました。何とりあえず大宮さん、染谷さんのお母さんは名古屋のゲートボールの監督だわって言うんだよねって思ったらいや、ね自分があんまりわからない人が、名古屋のゲートボールのね、監督をやってたらしいですよ。"
"00:08:36","2026/01/15","13:39:45","speaker1","","その仲間がですね、お通夜に来てくださったんですが、非常に肝のいい人ですね。あそこ腕とかね。この束が出るとかね。ちゃんと的確に指示をしたみたいで。それが私の今のゴルフにちょっと繋がってて、河内くんは勝てない理由はそこにあるのかなと思うんですが、どうでしょうかね。"
"00:09:00","2026/01/15","13:40:09","speaker1","","そんなことで12歳のときにですね、路頭に迷ってそれで就職支援中学校の卒業ときに就職試験を受けましたけれども、韓国籍だっていうことで就職者が全部はねられますね。"
"00:09:17","2026/01/15","13:40:26","speaker1","","何とか担任の先生わかっててたんでしょうねいや、高校の受験費を出してあるから、受験しろと言われて、何も勉強してなかったんですがとりあえず行為は行かさせていただきました。"
"00:09:34","2026/01/15","13:40:43","speaker1","","高校卒業してもまた同じことが起こりましてですねここを卒業してまた就職できないんですね。同じことが起こりまして。北海道のおじさんが千歳におりましたんで、首都にですね、"
"00:09:50","2026/01/15","13:40:59","speaker1","","行きました。ちょうど千歳のまちのちょっと北側広瀬川っていうのあるんですが、支笏湖よりちょっと飯ないですけども、1キロちょっと上上がった。上流に上がったところに蘭子して今インターができたのかなそこに"
"00:10:09","2026/01/15","13:41:18","speaker1","","長嶋氏。執行のあのセガ何とかっていうゴルフの大会が開かれる場所なんですけども、そこにほぼ1年間おりまして、それはAIのグラフの"
"00:10:25","2026/01/15","13:41:34","speaker1","","ど真ん中だったんですね内海さんがやってた仕事で働いてる人たちが全員がアイルの方だったんですけどもそこで18歳の私が経験したのは、"
"00:10:41","2026/01/15","13:41:50","speaker1","","日本の国内に韓国人に対する差別だけじゃなくてアイヌの人に対する差別がこんなにひどいものがあるんだということを体験をしました千歳の町ではですね、"
"00:10:57","2026/01/15","13:42:06","speaker1","","ラフがありまして、日本人韓国人INGというランクがあったんですね。その中で私ほとんど1年間、アイヌの方々と一緒にいたんですが、そのときに"
"00:11:12","2026/01/15","13:42:21","speaker1","","差別と偏見という偏見があって差別があるんでしょうけどもこれと戦うという正義感が自分の生還は多分そのときに生まれたんじゃないかなというふうに思います。何とか"
"00:11:30","2026/01/15","13:42:39","speaker1","","なお戻ってですね、スクラップを鉄くずを、いわゆる鉄くずを集めると、もうここから金属の話になるんですが、工場でですね旋盤をバーストだら遺骨ですね削り粉が出るんですね。ぴあパンフレットでフィアット全部ですが、鉄は伸びるんですがあの鋳物を削ると、ボロボロだと小さな困難になって落ちます。"
"00:11:55","2026/01/15","13:43:04","speaker1","","あるいはライコウという言葉が扱う今でも太鼓と言います。どうも語源はですね、昔、日本にオランダから旋盤が輸入されです。オランダから輸入された戦犯で物を削ったらしいんですが、"
"00:12:13","2026/01/15","13:43:22","speaker1","","その戦犯のことだ戦犯と言ってですね、その名残が今でもすスクラップの業界では、代行という呼び方をされるんで、その工事を終えて、代行を集めてですね"
"00:12:35","2026/01/15","13:43:44","speaker1","","スクラップを扱うという商売を始めたんですが、そこでまた一つ面白かったのがですね、工場の社長たちがですね鉄でない。"
"00:12:51","2026/01/15","13:44:00","speaker1","","ここにありますけども、これあの方付近と言いますが、心中だとか心中を削ることは魔法金を削るんですね。大きなものですから俸給を削るんですが砲金を削ると、一党間にですね、その削り粉がですね10個か20個ぐらい倉庫にあってですね、これはあの"
"00:13:16","2026/01/15","13:44:25","speaker1","","社長の年末の小遣いなんですね。内緒で代表でボケって言うんですね。その削り広報金の決議事項の中でも、法人ってのはどう数の合金なんですが、どうぞ数の合金の中でも数の分、分量の多いのか少ないのだった。"
"00:13:39","2026/01/15","13:44:48","speaker1","","こっから本格的な話になりますがなんでもってあのスクラップの価格を決めるか、ステンレスの場合には銅とニッケルが主成分です。黒も入ってますけども、黒あんまり金ならなくてですね。いやごめんなさい。SNSはテストニッケルですねすいませんすいません。"
"00:14:01","2026/01/15","13:45:10","speaker1","","テストニッケルで188というステンレス623④我々が磁石に付かないステンレスってのは18クラブ8に行けるという、これが188だから18の最後の8はニッケルの8なんですね。ステンレスの値段というのはこのニッケルの8で基礎書きます。今はステンレスは大体ですね。"
"00:14:25","2026/01/15","13:45:34","speaker1","","この前は1400万ぐらいしてますし少し下がって250万ぐらいなのかな。そうすると、8%のニッケルっていうのは250万円の8%約20万円ぐらいというのがステンレスの相場これが建値ですね。そこから少し手数料引くから多分今誰か"
"00:14:48","2026/01/15","13:45:57","speaker1","","戦争が今知ってる知らないから、多分十五、六万じゃないかなと思って違う小林くん今いくらSNS、16万そんなもんでしょ。大体そんなもん。要するにニッケルが8%入ってるやつは、"
"00:15:07","2026/01/15","13:46:16","speaker1","","その8%分のニッケルが価格になるんですね道野合金はどうが何%入ってるかっちゅう。例えば信州だとかシチューは70%と30%が亜鉛だとかということのデータの70%が価格になると"
"00:15:31","2026/01/15","13:46:40","speaker1","","いうふうに"
"00:15:33","2026/01/15","13:46:42","speaker1","","覚えておいて、いわゆる一番高い金属があの指標に、いわゆる値段になる心中と方針というのがあります。法人っていうのはですね、支援に鉄砲の方ね方とか言って昔大砲を作った台風を作る金属っていう対応鋳物で流し込んで作ったから台風を作ったから砲金というですね。"
"00:16:00","2026/01/15","13:47:09","speaker1","","正式には製造"
"00:16:05","2026/01/15","13:47:14","speaker1","","ブロンズというのが正解です。ブロンズ制度で、それに比べて制度は移動です。王道というのがあります。王道っていうのは身長の方といい、道と亜鉛の合金ですね。王道というか五円玉の原料です。"
"00:16:23","2026/01/15","13:47:32","speaker1","","これが王道です。"
"00:16:24","2026/01/15","13:47:33","speaker1","","これは銅と亜鉛ですからほとんどを銅の値段しかありません。しかし、ブロンズと言われる製造はそこにすぐ入りますんで、少し王道よりは高くなります値段も入るということでこれが今度の話ですが、どっから話をしますそれと皆さんにお願いです。"
"00:16:48","2026/01/15","13:47:57","speaker1","","どこからでもいいですから質問をしていただきたいと思います。あの来週で構わないです。あの、これ対話型でやりたいっていうふうに思うんでですね、どこのどのどのところでも構いませんから、これって何とかね。いやだって84歳のじじいが喋るんですから。大体僕てるところもあるしですね、間違って覚えてるとこもあるかと思うんですねいやそれは違うよ。"
"00:17:19","2026/01/15","13:48:28","speaker1","","いうふうにおっしゃっていただければそれでいいと思う。"
"00:17:22","2026/01/15","13:48:31","speaker1","","今道の値段がですね、140万1と140万ぐらいします1キロだと1400円ぐらいしますね非常に高くなりました。どうも高くなりました。"
"00:17:39","2026/01/15","13:48:48","speaker1","","そうですね昔、我々の時代はどうっていうのはいいと30万円の時代が長かったですね。鉄は2万円道は30万円道は鉄道15回ということで今ですが、5万円だとすると150万ええ。"
"00:17:57","2026/01/15","13:49:06","speaker1","","30倍"
"00:17:58","2026/01/15","13:49:07","speaker1","","30倍"
"00:18:00","2026/01/15","13:49:09","speaker1","","になるのね。150万取ってねずいぶん度が高くなったんですね。ドクターカッパっていうカッパーっていう言葉がありましてですね、同和経済の指針だと"
"00:18:16","2026/01/15","13:49:25","speaker1","","いうふうに言われております。日本で何が世の中の景気を図る一つの目安になると、ドクターカッパーっていう言葉があります。銅の需要っていうのはこれは当分続くんではないもっと高くなるんじゃないのかなというふうに思います。"
"00:18:37","2026/01/15","13:49:46","speaker1","","これ今半導体の関係もそうですし、それから風力発電だとかEVですとか電気を流すところに、この導体としてどう使うということで、その数そこにイトーヨーカ堂がありますから、元々あそこはフジクラの電線工場だったんすね。藤倉電工今藤倉本店本社あそこにありますけれども、"
"00:19:05","2026/01/15","13:50:14","speaker1","","あれを工場潰してですね桜だとかカラーとか千葉の房総の方にですね、木更津の方に工場を作って移ってですねあのイトーヨーカ堂も変えたり、それからテナントのビルを作ったり、りそな銀行の本社があそこに入ったりなんかして今稼いでます。だから藤倉は不動産屋として稼いでたんですが、ここんところ、"
"00:19:33","2026/01/15","13:50:42","speaker1","","AIブームでですねフジクラの株価が今非常に急伸しておりますどういうわけかフジクラの株が非常に高くなっている。そういうことで、同点数増から、これはもう元素ですけども、その中間に真鍮があったり金があったり、"
"00:19:54","2026/01/15","13:51:03","speaker1","","からいろんな合金がですね、生まれてきて、目的によって用途が変わってくるということをまず覚えていただきたいという方に思います。"
"00:20:11","2026/01/15","13:51:20","speaker1","","これはですね、すぐなんです。それは確かに原石はSNだったんすかね。数です。これなんかビールをすすめたいビールを入れるとですね。"
"00:20:28","2026/01/15","13:51:37","speaker1","","すぐに冷えるんですね熱伝導性非常に高いからだからところどっかで海や山に行くとですね、すぐ出てきたこういうのチョコをですね出してくれるとかビールのカップみたいなやつをですね、出してくれとか、あるいはあの、もうすぐに入れた瞬間に熱が伝わってですね、冷えますんで、何か持った瞬間非常に感じがいい。"
"00:20:54","2026/01/15","13:52:03","speaker1","","これを仙台にですね、珠洲いうというスクラップ屋さんがありましてねどういうわけか鈴いうの親父がですね、鈴優雅鈴をつくっちゃうし、踏ん張ってきてくれて"
"00:21:11","2026/01/15","13:52:20","speaker1","","だから鈴の数ですこれ"
"00:21:14","2026/01/15","13:52:23","speaker1","","これはですね、これはステンレスの最主力なんですよこれ304316という区別はまた今度やりますけれども、既に刺すという錆びないというねスタッフです。"
"00:21:30","2026/01/15","13:52:39","speaker1","","これは単なる鉄です。"
"00:21:33","2026/01/15","13:52:42","speaker1","","それはね、どこだかわからない球形タンクのタンクでワイヤーを通すためにね、車庫穴を開けてくれてポンと落としたやつを私が拾ってきたんですが、このぐらい厚みのある球形タンクでしたらどのぐらいあるのか4センチぐらいありますかね。"
"00:21:51","2026/01/15","13:53:00","speaker1","","長文どこだろこれこんな厚いやつあん"
"00:21:55","2026/01/15","13:53:04","speaker1","","で珍しいですこのぐらいの厚みある球形タンクはですね非常に珍しい普通20メーター、直径20メーターぐらいのやつですと、24ミリぐらい。"
"00:22:11","2026/01/15","13:53:20","speaker1","","30メーターぐらいのやつで、30日ぐらいですかね。だからこのぐらいの厚みのある風景ってのは非常に珍しいかと思いますそれからですね、いろんなものがありますけど"
"00:22:27","2026/01/15","13:53:36","speaker1","","ここに"
"00:22:30","2026/01/15","13:53:39","speaker1","","部分があるんですが、これ何のスプーンかわかる人いますか。"
"00:22:37","2026/01/15","13:53:46","speaker1","","ISはい。アイスクリームはこれ、アイスクリームもね、あの、普通昨日ね、昨日戸田でやると硬くてですね、なかなか刺さらないですこいつだとね、すっと刺さるんです。"
"00:22:51","2026/01/15","13:54:00","speaker1","","熱伝導性が非常に高いんで当てたところからアイスクリームが溶けていくんですね。いや、人間の体温が向こうに伝わるんですよ。人間の体温がアイスクリーム触ってアイスクリームが溶けて、すっとスプーンが入っていくんですね。優れもん。"
"00:23:09","2026/01/15","13:54:18","speaker1","","というふうに熱伝導性ということではですね、金属ってのは熱を伝えると熱を伝えるついでにですね電気を通すという、こういう伝導性と連動性と熱伝導性と相まってですね二つの性格があるんですけれども"
"00:23:30","2026/01/15","13:54:39","speaker1","","熱どんどんそれが高いのはやっぱりどうだとか銀座とか、これ電気の伝導性ともよく似てましてですね電気を一番通しやすいのは銀杏です。"
"00:23:46","2026/01/15","13:54:55","speaker1","","銀銅アルミという順番なんですが、銀で電線作るわけにはいきませんので銅で作るということです電線ってのは"
"00:24:00","2026/01/15","13:55:09","speaker1","","銅で作る理由はですね、熱伝導じゃなくて、電気を通す伝導性が高いっていうことと、電気を通すとですね、例えばそうですねドライヤーでもアイロンでもねストーブでもそうですが、"
"00:24:22","2026/01/15","13:55:31","speaker1","","プラグをですねコンセントからコンセントから抜くときに少し電線が厚くなってるのを感じたことあるでしょ。いわゆる電気が流れると熱が発生するんですよね熱損という。"
"00:24:37","2026/01/15","13:55:46","speaker1","","ことですけれども、電気を流すとですね、必ず熱が出ます。あの熱損といいますこれは電流がたくさん流れれば流れるほど熱損は大きくなるんですね。逆に、交流の電気っていうのは、今度は電圧を高めれば高めるほど流れる電流が少なくなります。"
"00:24:59","2026/01/15","13:56:08","speaker1","","この前小林くんがですね鹿島の電気炉のお見積もりで道の量がわからないからっつっていろいろ相談があってですね話をしたんですけども、もう埃かぶって、もうもうもう大変ですあれあのトランスからですね、電気炉へ行くの道筋っていうのは、"
"00:25:21","2026/01/15","13:56:30","speaker1","","あれ受電がですね次電池はトランスの1次側が"
"00:25:28","2026/01/15","13:56:37","speaker1","","詳しく1万5000だと2万だったかねあれ"
"00:25:32","2026/01/15","13:56:41","speaker1","","1次側"
"00:25:35","2026/01/15","13:56:44","speaker1","","いや、2万ボルトとしましょうよ。ダンボールに困らない大きな部屋作っていこう。100tぐらいある大きな部屋好きな電力用のやつなんか大きいんです1次側が2万ボルト、2次側がですね、あれ電気炉ですからねタップがいくつもあります。タップっていうのは多くこれがいくつもありましてですね、150ボルトぐらいから、一番下が6060ボルトぐらいまであったのかな"
"00:26:01","2026/01/15","13:57:10","speaker1","","と。一番下の60ボルト50いや、50ボルトに一番低いところに合わせると2万ボルトから50ボルト50ボルトってのは何番になりますかね。40万ぐらい400万円か。"
"00:26:16","2026/01/15","13:57:25","speaker1","","ちょっと計算してよ。ナンバー40番が400倍から400倍だね。はい。そうすると、"
"00:26:25","2026/01/15","13:57:34","speaker1","","ここに2万ボルトで流れた電流と提案されて50ボルトになって出てくると、銅の量は400倍こっち多くなるわけですよ。"
"00:26:36","2026/01/15","13:57:45","speaker1","","そういうことなん理事側ですね。それをその2次側の400倍を多くなったら、こっち入ってくるのはこんなもんでこっちはこんなんなるわけですね400倍大きくなったやつが延々とですね電気炉のカーボンの電極まで行くわけです。その道中流れるその間、"
"00:26:55","2026/01/15","13:58:04","speaker1","","ぶす場になったりワイヤーになったり、いろんなフォルダになったりして形が変わってきます形が、しかし、流れる電気の量は一緒です。"
"00:27:05","2026/01/15","13:58:14","speaker1","","ということは全部計算する必要ないんですね。"
"00:27:10","2026/01/15","13:58:19","speaker1","","1メーターだけ計算したあと長さかければ、道の量は出るわけですからそういうことなんです。要するに電気の流れる量は一定なんですがね形が変わってる割合になったり板になったり、いろいろ形は変わりますけれどもということです。で、計算をし、し直してみたら同道が100何十と"
"00:27:34","2026/01/15","13:58:43","speaker1","","余計にあったっていうことで、違った"
"00:27:41","2026/01/15","13:58:50","speaker1","","誰なかった。"
"00:27:43","2026/01/15","13:58:52","speaker1","","もっとあったの。いや、まだなかったの。私ら要するにもう電気ってのはそういうもんだっていうことでまた今度ゆっくり電気の話はしますけど、道は非常に熱伝導性も高いし、電気の"
"00:28:01","2026/01/15","13:59:10","speaker1","","ね電動生も高いということですですから、ここにも道ありますけれども、これは小林くんがやったあの反応のですね。"
"00:28:18","2026/01/15","13:59:27","speaker1","","反応のあの電気っていうのは私もよくわからなかったんですが反応というと埼玉の先ですねあそこに主翼の東京電力の変電所があります。"
"00:28:34","2026/01/15","13:59:43","speaker1","","もう一つどっか御殿場の方でもやりましたね"
"00:28:41","2026/01/15","13:59:50","speaker1","","なんか危ないいくつかある主力の変電所っていうのは、物が7つぐらいありますか。そう。50万KLで50万6ヶ所ぐらいそんなもんですよね。あの、それは原子力発電所から来るやつも"
"00:28:57","2026/01/15","14:00:06","speaker1","","水力から来るやつも、いろんな電気がですね、変電収入が来ます少しずつ電気の"
"00:29:06","2026/01/15","14:00:15","speaker1","","そうそうっていうんすねこれくらいの層とか位相が違うみたいでそこにですねそれを調整するために大きなモーターみたいのがあってですね発電機なんですがそれでその位相を調整するということで"
"00:29:25","2026/01/15","14:00:34","speaker1","","一つ500tぐらいありましたかねあのモーターがねあのモーターっていうか発電機がですね、それを反応で小林くんがやったのがですね、"
"00:29:39","2026/01/15","14:00:48","speaker1","","ガスを使わないで、モーターをバームクーヘンのように6本だって500tもあるやつをですね、高のローターにてデータをですね、バームクーヘンのように六つか七つに切って35度ぐらいの塊にしてくれてこうとして出したんですが、"
"00:29:58","2026/01/15","14:01:07","speaker1","","それを火を使わないで第1カッターのワイヤーそうで来てくれないかということで、初めてのテストとしてやったときのそのときの電気の流れる。"
"00:30:11","2026/01/15","14:01:20","speaker1","","この道が、このいざだったんですねこれ"
"00:30:15","2026/01/15","14:01:24","speaker1","","でね現場から持ってくるときに、"
"00:30:20","2026/01/15","14:01:29","speaker1","","どっかをフォローしちゃ駄目だよと言われたんだけど、ちゃんとここにありますから大丈夫それ"
"00:30:26","2026/01/15","14:01:35","speaker1","","10キロぐらいあるでしょうね。本当今クロスのこれ除去あるとね1キロ1400円と1万5000ぐらいあるんすかこれでね。"
"00:30:37","2026/01/15","14:01:46","speaker1","","するんですね。"
"00:30:39","2026/01/15","14:01:48","speaker1","","そうなんす。"
"00:30:41","2026/01/15","14:01:50","speaker1","","いろいろ面白い話がありまして、これらのトータルといいます。坦々比重が16.5ぐらいあります。"
"00:30:50","2026/01/15","14:01:59","speaker1","","鉄の比重が7点"
"00:30:53","2026/01/15","14:02:02","speaker1","","87.9ぐらいですから、約倍倍ぐらいの鉄のあのボスとぐっと重いですこれ"
"00:31:00","2026/01/15","14:02:09","speaker1","","これはあの淡々たるコンテンツを作ったりなんかしますけれども我々化学工場ではですね、"
"00:31:08","2026/01/15","14:02:17","speaker1","","第3さん。"
"00:31:10","2026/01/15","14:02:19","speaker1","","山に非常に強いという、さくさんのプラントにこの、これバルブなんですよ。バルブのゲートなんですね。"
"00:31:19","2026/01/15","14:02:28","speaker1","","バルブのこれゲートです写真が初学関係ないもんね。"
"00:31:25","2026/01/15","14:02:34","speaker1","","Valveの下ゲームを取ったゲームです。"
"00:31:28","2026/01/15","14:02:37","speaker1","","実は"
"00:31:32","2026/01/15","14:02:41","speaker1","","某化学会社の工事をやるときにですね、現場の現場の方がですね、みんなで"
"00:31:50","2026/01/15","14:02:59","speaker1","","キックオフにみんなで1回一杯飲むために倉庫にあるふいらないですね"
"00:32:02","2026/01/15","14:03:11","speaker1","","部品を持ってって売ってくれんかと。非合法なんですけどもね。昔の話ですからいいでしょ。ええ。"
"00:32:13","2026/01/15","14:03:22","speaker1","","このたんたるってのは知らなかったんたんたる土地さんだったんですねいわゆるさんにっていうのは当時セドリックの後ろに積んでですね、"
"00:32:28","2026/01/15","14:03:37","speaker1","","売ったらなんかそれがですね、二、三十万ありまして、一杯飲んでも余ってですね、ゴルフまでやったっていう化けがあったんですが、いやそれはそれで済んだんですよ。そしたらですね。"
"00:32:43","2026/01/15","14:03:52","speaker1","","その某株会社の担当者が1ヶ月ぐらいしてね、自分の家に持って帰った分があるんで"
"00:32:52","2026/01/15","14:04:01","speaker1","","何とか買ってくれんかっていうことだったんすね。彼も違法なんですねそれはねいやいや"
"00:33:00","2026/01/15","14:04:09","speaker1","","もうそのときに売ったデータを言っちゃったもんですからね。その値段で買ったからこれ原価で買っちゃったわけですよね。"
"00:33:08","2026/01/15","14:04:17","speaker1","","多分15万円ぐらいかかったんすねこれ今いくらするか知りませんけども、もうずいぶん、三、四十年前の話ですからね。殺人だって事故になるからこんなもん時効ですねもう。"
"00:33:19","2026/01/15","14:04:28","speaker1","","ということで、私の手元にずっとありますファンタるといいます今ではたんたるコンデンサを作るて貴重なボンドですけどもこれで比重が15."
"00:33:38","2026/01/15","14:04:47","speaker1","","XI中でいろんな話をします水銀っていうのがありますすぎてどっかで聞いたことありますよねぜひ月費用でHGなんですけども水銀ってのがあります。"
"00:33:53","2026/01/15","14:05:02","speaker1","","この水銀は水俣でですね水銀中毒水俣病を起こしたりなんか雪水銀がですね、体に蓄積してですね痙攣を起こしたりなんかして、大変な事故を起こした有害物質なんですけども、我々の現場では、"
"00:34:13","2026/01/15","14:05:22","speaker1","","水銀整流器っていわゆる交流直流に直す整流器てすすぎ整理っていうのありましてですね整流器に使われてて、"
"00:34:27","2026/01/15","14:05:36","speaker1","","その整流器を壊したときにバラバラっとですね、地面に次がこぼれるんですね。あれを分けるのは何の問題もないスコップで土と一緒にぱっと作ってですね、ゴソゴソソテツ主義思いですとかバット人必要がない。"
"00:34:45","2026/01/15","14:05:54","speaker1","","固まるんですね。それで土を落としてやると、ダラダラっと流れてくる液体ですから水銀というのはね唯一液体の金属ですから、だから出てきて、問題はですね、うちの現場で"
"00:35:01","2026/01/15","14:06:10","speaker1","","50人ぐらいおりましたか。私現場監督の時代ですよ。"
"00:35:05","2026/01/15","14:06:14","speaker1","","某人がおってですね、こいつが銀の中にこのぐらい水銀を入れてですね思い出ずしと思うんですね。お昼休みにみんなにですね、食事してるみんなにおいおいお前らちょっと持ってみろっつんだね。"
"00:35:23","2026/01/15","14:06:32","speaker1","","これはな"
"00:35:26","2026/01/15","14:06:35","speaker1","","何よりも重い金属のってね、持ってみますってね、みんなのとこを覚えたけどやってたぞ"
"00:35:34","2026/01/15","14:06:43","speaker1","","庄内ねもうくそそう言って自慢してたんで"
"00:35:41","2026/01/15","14:06:50","speaker1","","おい、お前、あの、お前してるだけ残るってね、みんなお昼出てたといくら"
"00:35:49","2026/01/15","14:06:58","speaker1","","この水銀のこの溶液の中に、金の玉を乗せたら金の玉は沈むのか吹くのかというお話をしたらね。"
"00:35:59","2026/01/15","14:07:08","speaker1","","監督何を言ってんですかと。金の玉なんて僕に決まってんでしょとか、お前同じ大きさの金持ったことがあるかっつったらないっつんだねそれは"
"00:36:08","2026/01/15","14:07:17","speaker1","","金の比重は19.いくつそこに書いてある19.1ですか。19.3あります。水銀書いてありませんけども水銀は13.5です。"
"00:36:21","2026/01/15","14:07:30","speaker1","","ね、上には上があります。金が19.3あります。しかしそこに白金っていうのはあります。"
"00:36:32","2026/01/15","14:07:41","speaker1","","はっきり言って21.5あります。これここでは白金ですね。これあの日1020時で終わり"
"00:36:39","2026/01/15","14:07:48","speaker1","","で、これが金属で一番重いかとまだこの上に押すゲームってのは22.いくつのほとんどレアメタルで我々の目にかかることありませんけれども我々の周りにある金属として一番多いのは白金だと思ってください。その次が筋だと"
"00:36:59","2026/01/15","14:08:08","speaker1","","支社にタングステンだとかいろいろあります。19.いくつもありますけれども、ごくごく我々が一番よく出会う道で9"
"00:37:12","2026/01/15","14:08:21","speaker1","","鉄で7.8では7.9とかっていう8はちょっと切るぐらいですね。あと、大体を調べてそんなこと重いと言われる鉛でも11ぐらいです。うん。もう15を超える金属ってのは滅多にないですね。"
"00:37:30","2026/01/15","14:08:39","speaker1","","これはあの非情とも言います密度と思います。金属特有のものです必ず金属には1人の性質があります。熱に強いとか酸に強いとか、いろいろ腐食性がないとかいろいろ理由がありますんで、その目的によって使う我々の各工場にはいろんな金属がありますけども、必ず余計なものは使ってません必ず目的に合ったものしか使っておりません。"
"00:38:00","2026/01/15","14:09:09","speaker1","","また別の機会にやりますけれども、この鉄にしてもステンレスにしても、もうものすごいおびただしい数が種類があるんです。その資料も全部、目的によって作られる目的によって使われてると"
"00:38:17","2026/01/15","14:09:26","speaker1","","その何に使われてるかというと、その材質を逆に推測できると"
"00:38:26","2026/01/15","14:09:35","speaker1","","こういうことんなりますということで、教科書に戻りましょうか今までのところ何か質問ありませんか。"
"00:38:35","2026/01/15","14:09:44","speaker1","","さっきのICBMうんはいはいはい。"
"00:38:39","2026/01/15","14:09:48","speaker1","","アルミです。純アルミです。"
"00:38:42","2026/01/15","14:09:51","speaker1","","アルミです発言するときにはぜひ前広にしてあげないそう。"
"00:38:48","2026/01/15","14:09:57","speaker1","","ある意味です。どう作ってもいいんですけど度は高いからBで作ったんですよねそれはどうでもいいんですよ。普通でもいいです。"
"00:38:59","2026/01/15","14:10:08","speaker1","","あのですね、今アルミの話がありましたけども、"
"00:39:04","2026/01/15","14:10:13","speaker1","","そうです。"
"00:39:06","2026/01/15","14:10:15","speaker1","","そうです。"
"00:39:09","2026/01/15","14:10:18","speaker1","","電気を流すのに"
"00:39:11","2026/01/15","14:10:20","speaker1","","アルミを使う場合があるんです。小林くんがこの前いや、あの見積もりをした鹿島のあの電気炉の"
"00:39:27","2026/01/15","14:10:36","speaker1","","トランスからトランスからですね、ワイヤーのところまで行く道中は確かアルミだったはずですね。"
"00:39:36","2026/01/15","14:10:45","speaker1","","そうだよね。"
"00:39:38","2026/01/15","14:10:47","speaker1","","バッチ一部アルミだったよね。いやだから板の部分はですね、溶けたりなんかする心配ないんで、アルミを使うんですね。"
"00:39:49","2026/01/15","14:10:58","speaker1","","アルミと同等の今ある小林今アルミアルミの柄で30万から40万ぐらいスクラップ広い"
"00:40:02","2026/01/15","14:11:11","speaker1","","52250円ね。うん。もう道の150万位で1500円に比べるとね、5分の1、6分の1くらいでね。そうだね。これ役員のことなんです。"
"00:40:19","2026/01/15","14:11:28","speaker1","","そうだ。これを言わないといかん。私はですね、40歳のときに名古屋から夜逃げして千葉へ出てきてですね、どうしようもない貧乏生活をまた続けたわけですけれども、"
"00:40:37","2026/01/15","14:11:46","speaker1","","ええ。"
"00:40:39","2026/01/15","14:11:48","speaker1","","自分にできることって何だろうかともし自分にできることがあったら、それでしか生きる道はないなというように思ってですね、やっぱりスクラップのことなんですね。銅のスクラップなんですね。変圧器と言われる。"
"00:40:57","2026/01/15","14:12:06","speaker1","","ねと、俗にトランスと言いますけど、変圧器は見えないけども必ず中にですね、鉄心があってそこにコイルを巻いた道の巻線があるわけですね。必ず見えないけども、"
"00:41:14","2026/01/15","14:12:23","speaker1","","ブラウン外に毛ケーシングというケースがあって、その中に地震があって、なおかつ油が満タンにあってですね外から何も見えません。しかし、間違いなくあの中には銅のコイルがあるんだと"
"00:41:31","2026/01/15","14:12:40","speaker1","","銅は当時、当時ですよ。同30万、鉄が2万円ねということで10倍ぐらいあったわけですよ。もしもし10分の1入ってる、いわゆる10%入ってるから、道路が高いんですねそれはね。"
"00:41:48","2026/01/15","14:12:57","speaker1","","ということですね見えないけども必ずあるんです。しかし電気会社の中にはですね東芝だとか日立だとか三菱だとかこういう一流の出来ファンもありますし、"
"00:42:05","2026/01/15","14:13:14","speaker1","","親が明電舎だとかね、大阪変圧器だとかね、ちょっとせこい富士電機だとかね。ちょっと23流もあるわけですよ。そうすると、中のコイルをアルミでやるところがあるんですね。"
"00:42:21","2026/01/15","14:13:30","speaker1","","いやあ、これは大変なんですよ。ある意味当たっちゃうとですね、比重でSUM2.7と9ですから、比重で3分の1、値段で"
"00:42:31","2026/01/15","14:13:40","speaker1","","3分の15分の1。そうするとですね、もうスクラップとして全く価値がないんですから"
"00:42:38","2026/01/15","14:13:47","speaker1","","もうそれに当たっちゃうとですねそれこそ損しちゃうわけですよ。"
"00:42:45","2026/01/15","14:13:54","speaker1","","中にある変圧器の中にある中身の"
"00:42:51","2026/01/15","14:14:00","speaker1","","越えるがアルミなのかどうなのかって見分ける方法はないだろうかと"
"00:42:58","2026/01/15","14:14:07","speaker1","","でも変圧器には必ずあの名盤というプレートが付いてるんですね。中身吊り上げ重量と必ず付いてます。キャパがあるんですね。1000kVAだとか一番kVAだとかkVAが9ボルトアンペアのことですけれどもいわゆるそれはキャパのことを言います。"
"00:43:17","2026/01/15","14:14:26","speaker1","","そのね、キャパのお部屋付きで一番kVAって大体一番kVAの安いので20分か30分ぐらいありますかね。重量でね。大体そんなもんでしょ。そのね30tある変圧器の中身が、"
"00:43:37","2026/01/15","14:14:46","speaker1","","中身にある道野超えるが仮に10%あったとすると、30tの10%は3分になるわけですよねそんなんじゃないです油があってね油の重量がありますから中身吊り上げ中ると必ず帰ってます。"
"00:43:55","2026/01/15","14:15:04","speaker1","","ネットって言うだけ言ってそれは部屋付きの場合に組んでからそこに入れますんで組んでケースの中に入れて納めて、後から油を入れますんで、中身つり上げ重量が非常に大事なんですね。それと石井側の電圧2次側の電圧っていう位置が1画が2番で、通常ですと2次が6000ぐらい、6000から3000になるんですけども。そういう"
"00:44:22","2026/01/15","14:15:31","speaker1","","通常の月だとこんなもんだよという、少しずつデータを調べていくとですね、大体中三つ中身の重量が維持費、古いのがあるんですね。これは間違いなくアルミだねと"
"00:44:40","2026/01/15","14:15:49","speaker1","","っていうのが、だんだんわかるようになってたんすね。少しデータの分析をやってですねいいし部屋付きを壊す。"
"00:44:51","2026/01/15","14:16:00","speaker1","","ついでに言いますと八街のですね自宅で部屋付きを一生懸命データ取りながら壊すんですけれども、上にですね、スズメバチが巣を作りましてね。"
"00:45:05","2026/01/15","14:16:14","speaker1","","うちの娘の部屋だったんすがね、ちょうど窓ガラスのところに作り始めたんですね。そしたらだんだん大きくなってくるわけですよ。"
"00:45:15","2026/01/15","14:16:24","speaker1","","ね。俺はその下で仕事してるわけですよね。"
"00:45:22","2026/01/15","14:16:31","speaker1","","本すらも生きてんだなと思う俺も行きたいんだけどこいつらも生きてんだって人沈んで進めますと、一緒に暮らしたんですね。娘にはですね、まず分けると、数が壊れるんで、お前人出す部屋買われっつってね、別の部屋に移してですね、スズメバチと私は東京しましたけど"
"00:45:40","2026/01/15","14:16:49","speaker1","","1回も刺されたことないですね。"
"00:45:43","2026/01/15","14:16:52","speaker1","","向こうも俺のことをわかってくれたんだと思うそれぞれ"
"00:45:48","2026/01/15","14:16:57","speaker1","","そう言ってもらえると思います。すぐ上にすぐあるんですよ。うん。"
"00:45:53","2026/01/15","14:17:02","speaker1","","こんなこんな大きな人です。"
"00:45:56","2026/01/15","14:17:05","speaker1","","うん。1回もされたことないんだからね。あれもねちゃんと人を見るんだなとちょうどですね、私のゴルフ仲間で前田真吾っていうゴルフの会員権やってるやつがいいんですよね。こいつがこの前中山カントリーですね。スムーズに襲われてね重症になったっていう話を、お前はよほど素晴らしい嫌われてるんだって"
"00:46:21","2026/01/15","14:17:30","speaker1","","そう、そうなんす。やっぱりね、適当見るとは思うんですねあれ。うん。だから仲良くしてるとなったことはないですね。そこで一生懸命円安機をですね、バラしながら、自信がついたんです。"
"00:46:39","2026/01/15","14:17:48","speaker1","","とてつもない大きな入札"
"00:46:42","2026/01/15","14:17:51","speaker1","","当時アルミ工場がありましてねアルミの精錬工場っていうのは昭和電工だとかね何とかっていう大きな工場はですね、ずっとアルミの製錬を国内では閉鎖し、工場閉鎖をしていくっていうことと、100tぐらいの変圧器がですね、"
"00:47:01","2026/01/15","14:18:10","speaker1","","10台ぐらい並んだ入札があるんですね。"
"00:47:06","2026/01/15","14:18:15","speaker1","","もちろんメーカーも日立があったり東芝があったりいろいろありますけど100tの大きな部屋作らな例えば大阪変圧器が大変だとかメールじゃ作りませんがほとんど大手なんですけども、そんなやつがですね、"
"00:47:22","2026/01/15","14:18:31","speaker1","","100tのやつがね重大だと1000tあるわけですよ。1000tの入札っていうのをですねね。それで勝負できたそういなかったんですね。"
"00:47:32","2026/01/15","14:18:41","speaker1","","絶対俺はこれ勝てると言ってですね、品敦貴の入札に参加をしてやっと何とか生きられるようになったのが45歳ぐらいの頃だったですかね。だから40歳で千葉へ来てですね、仕事がなくてずっと苦労して"
"00:47:55","2026/01/15","14:19:04","speaker1","","給料も出なかった。いや、いや、社員だって私1人しかいなかったんすよ。1人でデジタル持ったんすよ。うん。誰もいない1人だし自分の給料も出せなくて3年間ぐらい給料もらってないっすね。"
"00:48:11","2026/01/15","14:19:20","speaker1","","年金の不正があってですねなんか年金基金の中、あるところに行ってですね、"
"00:48:24","2026/01/15","14:19:33","speaker1","","だったらあいつらかなり不正をやってましたからね。俺の3年間分お前ら気象してないんじゃないかったら、いや紛れもなく払ってませんって言われたんですよね。本当は払ってないんですそれで本当に払えなかったから3年間ぐらい欠落があったんですね。"
"00:48:42","2026/01/15","14:19:51","speaker1","","結局自分の一番得意な部門、それが変圧器の中のどう見るということで、活動を開いたんですね。"
"00:48:58","2026/01/15","14:20:07","speaker1","","それは昔来校を集めて社長がですね、一斗缶の中に入れた削りですね。小遣いするから、"
"00:49:14","2026/01/15","14:20:23","speaker1","","処分してくれと言われてるんで、それをその非鉄金属と言われる。"
"00:49:21","2026/01/15","14:20:30","speaker1","","これを"
"00:49:24","2026/01/15","14:20:33","speaker1","","売ることからですね中に入ってる元素がどういうどういうね保険なのか心中なのか何なのかっていうそういうことが目の当たりに勉強できたっていうことがあってですね。自分の生きる道はこれしかないんだと"
"00:49:44","2026/01/15","14:20:53","speaker1","","いうことで、何とか生き延びてきたんですが"
"00:49:51","2026/01/15","14:21:00","speaker1","","真面目な仕事してないね。"
"00:49:53","2026/01/15","14:21:02","speaker1","","大丈夫です。大丈夫"
"00:49:56","2026/01/15","14:21:05","speaker1","","大丈夫ですよお目付け役が出てくる"
"00:50:02","2026/01/15","14:21:11","speaker1","","だってみんなオンラインの硝酸銀の話はい、硝酸銀の話あります。さっき水銀の話もう一つさしてください。"
"00:50:15","2026/01/15","14:21:24","speaker1","","私フィルム工場にでして東京へ来てですね。うん。"
"00:50:28","2026/01/15","14:21:37","speaker1","","うちのお客さんがフィルム工場に出入りしててですね、日野にある八王子の手前の日野ですけどもこれ主力の今コニカになってると思います日野工場っていうのがありましたねから"
"00:50:44","2026/01/15","14:21:53","speaker1","","小田原の上に南足柄っていうところがありましてですねここに富士フィルム当時は富士写真工業と言ってますけど今富士フイルムへ行ったのかな"
"00:50:59","2026/01/15","14:22:08","speaker1","","フィルムよりも何か医療関係ですぐ稼いでるいい会社がありますんで、"
"00:51:10","2026/01/15","14:22:19","speaker1","","両方のフィルム工場でりちゃいかんフィルム工場ってのは非常に機密という部がつか秘密のですね技術的な何か厳しいところがお互いにあってですね、最大のことは何かっていうと、"
"00:51:27","2026/01/15","14:22:36","speaker1","","フイルムをですね。"
"00:51:30","2026/01/15","14:22:39","speaker1","","乳剤と"
"00:51:33","2026/01/15","14:22:42","speaker1","","最後に議員をですねするこの装置なんですベースになるフィルムはですねこのぐらいの幅の新聞紙の事故米たやつがですね、美容ずっと流れていくんです。そこで先に乳剤を通すんですかね。フィルムが流れていく。この板になったやつにノズルがいっぱい付いてましてこれがですね速さを加減しながら"
"00:52:03","2026/01/15","14:23:12","speaker1","","ベースに豆腐していくんですね。これを均一にいかに早く均一にするかってのフィルム工場の大勝負なんですこれはそりゃそうですよ。あれを塗ってこんなね、フィルムができるわけです35ミリフィルムできるわけでそれで我々写真撮って、それをまたこんな大きく拡大して引き延ばしするわけですから"
"00:52:28","2026/01/15","14:23:37","speaker1","","いかに銀をですね、均一に塗らなきゃいかんのかっていうところが、ゆっくり縫ったんじゃ商売にならない。あるいは流れながら塗らなきゃいかんですねこの技術がこのノズルの部分がですね、ものすごい着技術なんですよ私わかりませんけども"
"00:52:48","2026/01/15","14:23:57","speaker1","","同じ装置をスタッフらとですねフジと両方で内緒で壊したんですけども、内緒っていうか、双方には内緒でですね壊したんですけど、サクラの方でですね、"
"00:53:05","2026/01/15","14:24:14","speaker1","","その東部のラインに行ったときに、"
"00:53:11","2026/01/15","14:24:20","speaker1","","こんな1メーターぐらいステンレスの四角い角帽なんかそこに車にノズルが付いてるんですけども、出して、"
"00:53:25","2026/01/15","14:24:34","speaker1","","従業員いわゆる作業員を全部ですね、食堂に行ったときに、ズタズタに切ってくれてそれをね、それは他の人に貸してる私に綺麗ですね。だからこんな幅でずらずらに切って"
"00:53:42","2026/01/15","14:24:51","speaker1","","切り終わると、スクラップの山の中にですねこの白く不桜の現場の担当者がですね、ぱっとあちこちわからないようなあちこちに投げ投げ投げ掛けるんですよねそれで終わったんですよ。"
"00:53:58","2026/01/15","14:25:07","speaker1","","今度藤江来ましたそれがしばらく後に同じラインをやりました。"
"00:54:04","2026/01/15","14:25:13","speaker1","","ただ、"
"00:54:06","2026/01/15","14:25:15","speaker1","","そのラインに行ったときに、明日は仕事を休んでください。私達が外しますから"
"00:54:16","2026/01/15","14:25:25","speaker1","","もう一つ言いますと、小西力で我々食堂を利用させていただくんですが、業者が利用できる時間帯が17時30分から12時と、それから12時30分から13時までと"
"00:54:33","2026/01/15","14:25:42","speaker1","","12時から12時30分は、社員たちが利用するんで業者の人たちは前から後ろに振り分けてくださいと言うんです。富士フイルムの大食堂は一切利用させてくれません。"
"00:54:49","2026/01/15","14:25:58","speaker1","","一切利用させてください。富士フイルムの社員も"
"00:54:53","2026/01/15","14:26:02","speaker1","","全員ですね。一旦早く来たりいろんな作業来てますけど、全部脱いで平服に着替えてちょうどできます。そのぐらい品質管理厳しいですそこは"
"00:55:08","2026/01/15","14:26:17","speaker1","","だからフィルムを買って100円200円高くてもフィルムは遥かに品質管理が厳しいんだというふうに思っていただいていいかと思います。それで我々しょうがないから外で飯を食べなきゃいかんと。食べに行くのに、益田からですね小田原行く途中に、"
"00:55:34","2026/01/15","14:26:43","speaker1","","若い夫婦がですね、やってる中華料理や四川っていう料理屋がありましてですね、そこへ旅に行ってそれが今若い夫婦はですね、装備を奥さんがお腹が膨れてきてですね、お辞めになったんですよ。何年かして、"
"00:55:55","2026/01/15","14:27:04","speaker1","","今度大井松田と、あそこはどこですかね曽我の間に新しい店を作りましてですね、今詳しくはしょっちゅうあそこ行ってるみたいですけども行くと1時間ぐらい待たないと食べられないぐらい有名なくせになりました。そんなことがあって富士フイルム行ったら、そのぐらい品質管理の厳しいところです。"
"00:56:16","2026/01/15","14:27:25","speaker1","","こういうことがありました。"
"00:56:19","2026/01/15","14:27:28","speaker1","","工事をしてる最中に蛍光灯はあったんです。"
"00:56:24","2026/01/15","14:27:33","speaker1","","蛍光灯がパンと言われたんですね。"
"00:56:26","2026/01/15","14:27:35","speaker1","","いや、どのぐらい厳しいかっていうと、富士フイルムはですね蛍光灯が悪いから"
"00:56:31","2026/01/15","14:27:40","speaker1","","その周りの掃除全部止めました。"
"00:56:37","2026/01/15","14:27:46","speaker1","","あの緊急事態と"
"00:56:39","2026/01/15","14:27:48","speaker1","","蛍光灯の中にある水銀がですね、ダクトに中に入って、他のところへ内巻き散らさないように、全部止めるんですね。"
"00:56:50","2026/01/15","14:27:59","speaker1","","いや僕ものすごく怒られました。蛍光灯終わったことで、"
"00:56:54","2026/01/15","14:28:03","speaker1","","今度は逆にですねその後で桜で蛍光灯終わったんです。慌ててですね、慌ててすいません。家ごと終わっちゃいましたったら僕の担当者、それがどうしたんですかって言うんだね。"
"00:57:12","2026/01/15","14:28:21","speaker1","","いや、どのぐらい品質管理のの厳しさが違ってまして。その代わり、みんな小西6の人たちは非常に人情味がありましてですね、優しかったです。富士フイルムの"
"00:57:28","2026/01/15","14:28:37","speaker1","","現場であそこはですね、"
"00:57:31","2026/01/15","14:28:40","speaker1","","そうですね。部長部長クラスが1人てその下に係長くらいのがいてですね、女子事務がいいて、あと"
"00:57:47","2026/01/15","14:28:56","speaker1","","化学と機械と制御という担当がついて1チームがあるんですね。6人か7人ぐらいの人チームが、これが何組かあって、お互いに競ってですね新しいフィルム作りをやるんです。"
"00:58:04","2026/01/15","14:29:13","speaker1","","当時HSだとHSシリーズが生まれるところだったんですが、我々のねそれは一番選ばれたそれはパイロットプラントを作ってですね実験をして、最後に今プラントを作るっていうことにまで行くんです。あとのやつは全部ボスボスなんで、一つだけ生き残ってね。"
"00:58:28","2026/01/15","14:29:37","speaker1","","そのチームは新しいプラントを作るので壊すところから介入するんです。でずっと私もですね、京都大学卒業の宇宙工学をやった営業の担当者とですね、こいつとですね1ヶ月間一緒にいるんです。"
"00:58:50","2026/01/15","14:29:59","speaker1","","座ってですね。"
"00:58:53","2026/01/15","14:30:02","speaker1","","毎日やることないけどお互い現場見てるだけですから、すごいですね制御ってすごいですね。どうしたらあんな制御できるんですかっつったら、なんでできるわけないでしょいい加減にやってんですよでもちゃんとやってんじゃないすかとねクリームの塗布をね、あれ"
"00:59:14","2026/01/15","14:30:23","speaker1","","ね、交流をモーターがあるんですけど交流モーターにいろんな減速機をつけてですねなおかつ今度はDCモーターっていう直流モーターをつけてまた制御するんですね。いくつを制御してこのラインを走らせるんですけども、その制御をやってる担当者に"
"00:59:33","2026/01/15","14:30:42","speaker1","","今度のCSの方の新しいやつはですね、この不流れる速さが塗布の技術が進んでですね、流れる速さが倍になったっていうんですね。生産性が倍上がったっていうわけですよ。"
"00:59:47","2026/01/15","14:30:56","speaker1","","すごいな。すごいなって私は何回も言ったら、いや、違いますよねいい加減なできるわけないんですから。でも発展じゃないですかっていうもん言ってますから、選ばない。本当にいい加減なんですよ。いや実はですね。"
"01:00:03","2026/01/15","14:31:12","speaker1","","私ね小さな子供が家に2人おりましてね仕事して終わって帰ってねいっぱい飲んでると後ろの子供がねばあっとするってことは思わずか殴るするのはね、制御できてないんですよって言うんだね。"
"01:00:22","2026/01/15","14:31:31","speaker1","","いや、そういう人たちと一緒に仕事するんですよ。そういう人たちね。小田原北條影響だろ工場はね磁気テープを作ってる工場で、日本でもほとんど初めてね昔のテーブルから高校ね磁気テープですねあれ"
"01:00:41","2026/01/15","14:31:50","speaker1","","あれを作ってる工場でほとんどね、日曜日みんなゴロゴロ出てきてね、何にもして遊んでんですよ。"
"01:00:50","2026/01/15","14:31:59","speaker1","","そうですよね。日曜出勤と残業代かなんか知らんつくとですね、みんな20代で"
"01:01:02","2026/01/15","14:32:11","speaker1","","家を建てるんです。"
"01:01:05","2026/01/15","14:32:14","speaker1","","いやみんなみんなそうですよ。"
"01:01:07","2026/01/15","14:32:16","speaker1","","だってすごい金払うんだね。でね、もうそんなことしててよくクビにならないんだったら大丈夫だってのはTDKだとかソニーだとかそういうとこがね、チームごとに1人1億円でね、スカウトに来てるっていうんだよね。"
"01:01:20","2026/01/15","14:32:29","speaker1","","磁気テープのチームでと語によると5億円全スカウトに来てるから全然へっちゃらだっつってね、みんなゴロゴロ遊んでですね家建ててましたよ。うん。嘘。いや、そういうせ、先端技術のところにおりました。"
"01:01:38","2026/01/15","14:32:47","speaker1","","今、FSはありましたのは、引野にある桜フィルムね小西6の工場で"
"01:01:48","2026/01/15","14:32:57","speaker1","","あそこにしばらくおりましたけれども、廃液の処理装置っていうのがあってですね。そこにですかね。2tから3tぐらいのステンレスに聞くべきだったねしてですね、タンクがずっと5基ぐらいずつ並んで19ぐらいあったんすかね。"
"01:02:07","2026/01/15","14:33:16","speaker1","","私当時、ステンレスのタンクを名古屋に売ってたもんですから、これはね高く売れるなと思ってねねちょうどトラックに乗る大きさだしねよかったんですよ。"
"01:02:22","2026/01/15","14:33:31","speaker1","","ただ中にですねヘドロみたいがいっぱいくっついててですね汚いんですよ。"
"01:02:32","2026/01/15","14:33:41","speaker1","","向こうの担当者に掃除してくれませんかって言ったのなかね。これじゃタンク売れないかったら、そんなこと言わずにこのまま持ってってくださいっていや、何とかしてくれってしょうがないからっつって。それを洗ってドローですね洗って、"
"01:02:49","2026/01/15","14:33:58","speaker1","","ちょうど壊したときにね、2メーター2メーターぐらいのピットがあったんですね。そこにどんどんどんどん流し込んだんですよ。流し込んで"
"01:02:59","2026/01/15","14:34:08","speaker1","","普通の柄で埋めてですね、上から舗装して終わったんですよ。"
"01:03:04","2026/01/15","14:34:13","speaker1","","今議員がですね今ここに入ります昨日、昨日これ新橋へ書いたらこれ、これ5000円だったんですね。こっちは70万もするのにこれもっと大きいやつが5000しちゃうんだろうね。"
"01:03:23","2026/01/15","14:34:32","speaker1","","ところが私が流し込んだ金は常にtぐらいあったんすよ、硝酸銀だったんですね。いわゆるフィルム工場で、いやごめんなさい写真屋さんで、一般定着液の現像液だとかっていうとフィルムを現像するとですね、銀が剥がれて落ちるんですね。"
"01:03:42","2026/01/15","14:34:51","speaker1","","その廃液が返ってきたやつを処理する装置だったんですがね。経こびりついてた硝酸銀だったんすよ。汚いやつがね、2tぐらい流し込んだんですよ。今でいうと4億円ぐらいですねあれね。"
"01:04:00","2026/01/15","14:35:09","speaker1","","はい。あれをちゃんとね回収しとったら私はね、もうベストなんかやってませんよ。"
"01:04:09","2026/01/15","14:35:18","speaker1","","はい。"
"01:04:12","2026/01/15","14:35:21","speaker1","","無視っていうのはですね、こんな馬鹿なことをやるのかなと思ったんですね。硝酸がほとんど90%ぐらい銀ですから、もうわずか電気分解すればですね、もう全部銀が抽出できるという仕組みを知らなかった。"
"01:04:29","2026/01/15","14:35:38","speaker1","","これはパークにね無知なのはですね、一生損するなということで金属だけじゃなくて、価格も少し勉強するようになったのはその頃あるんですね。もう"
"01:04:46","2026/01/15","14:35:55","speaker1","","今かな。30何年前の話ですけれども逆に硝酸銀をですね、あの議員を私は回収してにわか金持ちになってですねバブルにはじけてですね、乞食になってるよりは今のが良かったかわからんで"
"01:05:06","2026/01/15","14:36:15","speaker1","","多分あれですねABAB円使ったらあのバブルのときですね。何か不動産か何か株価不動産やったやつ全部捨てて0になってるよねそれは絶対に良かったですねか。"
"01:05:19","2026/01/15","14:36:28","speaker1","","そういうことです。何か今のご質問ありますか。"
"01:05:43","2026/01/15","14:36:52","speaker1","","例えば"
"01:05:45","2026/01/15","14:36:54","speaker1","","この話を少しさせてください。"
"01:05:49","2026/01/15","14:36:58","speaker1","","これはですね、鹿島の住金の鹿島のあれに5だったんすか我々やったら2号溶鉱炉のサラマンダーなんですサラマンダーっていうのは何か火の神のようなことを言うんですけども、要するに鉄の業界では寝て、"
"01:06:08","2026/01/15","14:37:17","speaker1","","鉄をですね、取ったいわゆる点綴を取った後、そこに残った後に残った鉄の塊が出るんですがそれをからまんだっていうふうに今これは"
"01:06:24","2026/01/15","14:37:33","speaker1","","周りにこぼれたやつの塊じゃないっすよ。私はあのときどのぐらいありますかね。セットぐらいでしたかね。サラマンダーがす露天に残ってたんすね。"
"01:06:39","2026/01/15","14:37:48","speaker1","","あれを"
"01:06:42","2026/01/15","14:37:51","speaker1","","福島原発のデブリに見立てて、放射線もありますね鉄ですからねデブリに見立てて解体をしてみようということで、厚みが1メーターぐらいありますかね。1メーターぐらいの10メーターぐらいの大鉄の塊が"
"01:07:03","2026/01/15","14:38:12","speaker1","","あるわけで点綴ですけども塊があるんですね。それをどうやったら壊せるかということで、いろいろやりました。"
"01:07:13","2026/01/15","14:38:22","speaker1","","放射線のないやつですよ壊せるかと。今福島の原発は4基"
"01:07:21","2026/01/15","14:38:30","speaker1","","34期かな、4期3期か3期が44号には入ってなかったんで、3機ですね。3機で今850tぐらいあると言われてますね"
"01:07:35","2026/01/15","14:38:44","speaker1","","東京視察が"
"01:07:37","2026/01/15","14:38:46","speaker1","","1基に300t、受けてあると。しかもそれは非常にっていう放射線を出してると、物はウランの235でそのウラン235遠藤満みたいにですね、ずっと鞘の中に入ってるんですね。"
"01:07:58","2026/01/15","14:39:07","speaker1","","この鞘は確かにジルコニウムでできるジルコンの多さやの中に、裏がずっと詰まったこのハエみたいなのが束になって、ぼそっといくつも束になって入ってるんすね。それが"
"01:08:18","2026/01/15","14:39:27","speaker1","","目標値で、周りのステンレスの入れ物を全部溶かしてなおかつ下のコンクリートも溶かしてですね、それが塊になって今溜まってるんですね。"
"01:08:34","2026/01/15","14:39:43","speaker1","","やっとあれから何年経ちましたねにねあの事故からもう10何年、15年近くなってやっと耳かき一杯ぐらいのですねデブリを採集したという。"
"01:08:52","2026/01/15","14:40:01","speaker1","","だから0.2gとか言ってるんですよ。耳くそぐらいなもんですね。を採取したと。また今度もう少し何かいろいろユーザー方式だとかなとかいろんな方針を変えてやるということで、また今度はもう少し多くね大きな耳垢ぐらいのやつを取ってくるんじゃないかなと思います。それで400億ぐらいかかるんすねあれね、耳垢取るのに"
"01:09:17","2026/01/15","14:40:26","speaker1","","問題は、それはいいんです。それはいいんです前にこぼれてるやつ拾ってくるだけですから。これですね。これですね。"
"01:09:26","2026/01/15","14:40:35","speaker1","","本体遂げて固まった本体はまるでそのままあるわけですよ。"
"01:09:31","2026/01/15","14:40:40","speaker1","","で、そのウランをね、回収できるかっていうね。"
"01:09:38","2026/01/15","14:40:47","speaker1","","絶対にできません。"
"01:09:41","2026/01/15","14:40:50","speaker1","","このす、あの銑鉄、いわゆる鹿島のですね2号航路のデブリをいろんなことやりました。ね"
"01:09:58","2026/01/15","14:41:07","speaker1","","切ったりなんかもしましたし、最後には、あの東京発が高杉に1600の戦略で大きいですよね。戦略で160戸あるわけです.600のユンボで畑と"
"01:10:14","2026/01/15","14:41:23","speaker1","","あの1600のユンボの問題あります鉄道あれがねね、あれでね、だんだんだんだんだんだん叩いたんすよ。ブレーカーで"
"01:10:26","2026/01/15","14:41:35","speaker1","","結局ね、あのブレーカーの歯を2本折ったね。"
"01:10:31","2026/01/15","14:41:40","speaker1","","3本目で雇われたのかな"
"01:10:36","2026/01/15","14:41:45","speaker1","","放射線のない話ですよこれ"
"01:10:40","2026/01/15","14:41:49","speaker1","","いや絶対できませんどんなことだと思います。私が保証する。"
"01:10:49","2026/01/15","14:41:58","speaker1","","福島原発のデブリに見立てて、いろんなことをやっていました。できません。ねワイヤーそうできるしても何にしても、ワイヤーそうでずっと切り続けることは無理ですありゃ"
"01:11:07","2026/01/15","14:42:16","speaker1","","ね必ずは安引っかかっちゃうんでね引っかかったらもう取りに行けないですあれ、これどうしようもないですねというふうに私は思います。でも、福島県と東京電力の約束ですから、あれは更地にして返すっていう約束ですが、50年かけてやるんですね。"
"01:11:28","2026/01/15","14:42:37","speaker1","","そういう約束なのね。でも、できないことをやろうとしてるわけですから、我々電気代を上乗せしてですね、できないことをやる六ケ所村に再処理工場があります。"
"01:11:43","2026/01/15","14:42:52","speaker1","","年燃えた後のウランからですね、プルトニウムを取り出して、この核のリサイクルを完成させるということで、もう1回それを燃焼させるっていうことで六ケ所村でですねプルトニウムの体処理をやってますけども、"
"01:12:07","2026/01/15","14:43:16","speaker1","","今20何年経ちましたね。"
"01:12:10","2026/01/15","14:43:19","speaker1","","私六ケ所も行きましたけども、20数年経ってますできません、できませんもう世界で今これをやってるのは日本だけですね。プラスもアメリカも利上げましたから無理だということで、その高速同速度で燃やさなきゃいかん高速増殖量は、もんじゅだとかふげんってのはもう全部廃炉になりましたんで"
"01:12:34","2026/01/15","14:43:43","speaker1","","それもラストもないですね今ね。だからそれが今、原子力行政村さんごめんなさいね、悪口言って"
"01:12:43","2026/01/15","14:43:52","speaker1","","OK"
"01:12:46","2026/01/15","14:43:55","speaker1","","まだいいですか。知事なんです。"
"01:12:51","2026/01/15","14:44:00","speaker1","","ぼっち。うん。うん。いいでしょう少し脱線してもいや今花済みっていう新潟県知事がですね、新潟にある仮屋の大馬鹿者には仮屋の原発をですね、"
"01:13:13","2026/01/15","14:44:22","speaker1","","体稼働するということを昨日表明したところです。"
"01:13:20","2026/01/15","14:44:29","speaker1","","東京電力はですね、"
"01:13:23","2026/01/15","14:44:32","speaker1","","福島に福島第1に、6期"
"01:13:29","2026/01/15","14:44:38","speaker1","","第24期、10期福島県である。これも東京電力を考え、感じ、考えです。あるいは北陸電力の管内にあるんですね柏崎にある柏崎は、あるいは北陸電力の管内にあるんですね。"
"01:13:46","2026/01/15","14:44:55","speaker1","","そこに76期か7期間ですいません。7Pです。あそこは大きいですよ沸騰水型のロボ7号ここで動かそうとするやつは150万"
"01:14:03","2026/01/15","14:45:12","speaker1","","kWありますから、最大級の原発です。"
"01:14:14","2026/01/15","14:45:23","speaker1","","あの前の前の米山っていうですね、県知事が原発の反対を唱えて、東京電力の原発は前期廃炉にすると"
"01:14:30","2026/01/15","14:45:39","speaker1","","いうことで、"
"01:14:33","2026/01/15","14:45:42","speaker1","","どうしても動かすなら17機のうち東北の10機、それから柏崎の刈谷の6機1機だけ、6号か7号が1機だけ動かすっていう条件であと全部入るにするという条件ならということだったんですが"
"01:14:53","2026/01/15","14:46:02","speaker1","","米山さんは"
"01:14:57","2026/01/15","14:46:06","speaker1","","原発の稼働反対論者"
"01:15:00","2026/01/15","14:46:09","speaker1","","ちょうどその米山さんとですね、新潟の浦さんのところの寿司屋でですね、一緒んなったんですよ。私米山が横に座ってんの知らなくて"
"01:15:17","2026/01/15","14:46:26","speaker1","","何か向こうで話してるの原発の話をしてるわけですよ。"
"01:15:22","2026/01/15","14:46:31","speaker1","","しょうがないから原発のところにくい話をしたら、あの米山の新しくもらった奥さんが、なんかW以下なんかっていうね、だから有名な女らしくてねそれ横に向こうにいるわけですよ。"
"01:15:37","2026/01/15","14:46:46","speaker1","","おいでね。"
"01:15:39","2026/01/15","14:46:48","speaker1","","ちょうど米山が県知事を辞めた直後の話ですこれ県知事を辞めたそれはなんかなんかね、変なね児童買春回収が何かでですね自民党のあれに挙げリークされてですね慌ててですね、辞表を提出して県知事を辞めたんです。"
"01:16:04","2026/01/15","14:47:13","speaker1","","もう辞めちゃったんだよね新しい件近くでそれをね、湯浅卑怯だったら俺はね、"
"01:16:13","2026/01/15","14:47:22","speaker1","","その個人の個人の問題と、この原子力行政全般に関わる問題とは違うそれはね、お寺の室井がそう四つだ。彼女はね、そうよ、あんた辞める必要なんかなかったよってね。そのとき後は離婚してたんだから、不倫じゃないんだからっていうわけだねそれは"
"01:16:34","2026/01/15","14:47:43","speaker1","","それでねその室井さんと私と2人でね4年もするし上げしたんですがね。"
"01:16:44","2026/01/15","14:47:53","speaker1","","それその後彼は立憲民主党の議員だって今ね衆議院やこの前も当選しましたね彼はね。"
"01:16:51","2026/01/15","14:48:00","speaker1","","でも1人知事が変わるとこれだけ行政変わりますねとそれから総理大臣も1人変わるとですね、米の問題も増産するってのは今度は減産ということでねこれは4000円台で定着しそうだし"
"01:17:13","2026/01/15","14:48:22","speaker1","","金は高くなるし円は下がるし困りましたね。"
"01:17:20","2026/01/15","14:48:29","speaker1","","どうしましょう。"
"01:17:23","2026/01/15","14:48:32","speaker1","","何か質問あったら、はいはいはい。"
"01:17:26","2026/01/15","14:48:35","speaker1","","さっき目さらばんだって話ありましたけど、あれはだから私の理解では要するに航路の下ににたまった長年のその航路の運用の中での、うん。要するに、不純物と鉄がごちゃごちゃ入り混じったもの。いや違う取り切れないですあれ。"
"01:17:43","2026/01/15","14:48:52","speaker1","","取り切れないですよ。取り切れない。嫌じゃなくてあの子のものとしてはだからその鉄でもないし合金でもないしだけ梁川鉄ですよ。先手は橋本そこにいらっしゃるから流れない下だからそれはあの"
"01:18:01","2026/01/15","14:49:10","speaker1","","油のタンクでいうと、ドレンがあってですねはい、ドレンがあって油をドレンから回収するんですが最後に残ったやつは人間について掃除しなきゃいかんですよね。"
"01:18:14","2026/01/15","14:49:23","speaker1","","だから問いがあってですねから流れるんですが、トイレの下にあるやつは流れないんですよ。うん。だから温まってるときはお湯ですからいいんですがね。あれが冷えたときに固まって残っちゃうんですね。後ろあれ、溶鉱炉の宿命です。うん。"
"01:18:31","2026/01/15","14:49:40","speaker1","","だからだから構造的には何かセラミックとかアモルファスとかそっちの方に近いのかなとかって思ったんですけど。いや間仕切り鉄ですよ。丸木鉄の塊ですよ。"
"01:18:44","2026/01/15","14:49:53","speaker1","","ちなみに昔言ってあれはあの子炉底にあるやつは品があるんじゃないか。いろんなことを言われたんですよなんてことはないですどんなことはないですね婦人部の方よりすんなりねまたここにですね、"
"01:19:01","2026/01/15","14:50:10","speaker1","","これがですねこれが"
"01:19:06","2026/01/15","14:50:15","speaker1","","これ多分ね平成1年11月島一と書いたんすね。しばってのはどこだろうねこれ多分ねNKだと思うんですよ。"
"01:19:18","2026/01/15","14:50:27","speaker1","","NKのあの用コード出船したときの一番最初にですね、冷えをして出船したときにあれ初乳とか何とかって言うんですね。一番最初に流れてきたやつをこうやって作るんだそうそう。"
"01:19:34","2026/01/15","14:50:43","speaker1","","で、これをいただいたんですねこれだから14航路が出船したときの一番最初に出たやつすることでね。"
"01:19:45","2026/01/15","14:50:54","speaker1","","なんかね、酒どっか初乳とかって言ってましたけどもね岩戸さんがそう言ってましたけどね。続いてます。"
"01:19:56","2026/01/15","14:51:05","speaker1","","ついでに要フォローの話だけを少しさせてください我々鉄、鉄の関係をしてますから、鉄というのは、我々が言うてそこにも書いてます。明日から読んでください。鉄というのは"
"01:20:10","2026/01/15","14:51:19","speaker1","","広い意味でテストを行ってます。広い意味で鉄と言ってます。鉄ってのはものすごい種類ありますほとんどもう限りないくらい種類があります。でも、大きく分けるとという鋼と書いたというのと、線というのと、この二つです。"
"01:20:29","2026/01/15","14:51:38","speaker1","","溶鉱炉で作ってるのは銑鉄なんです。"
"01:20:34","2026/01/15","14:51:43","speaker1","","非常に脆い炭素たくさん含んだ銑鉄です。両校で作るのは銑鉄あの6人我々が使う鉄ではありません銑鉄ですこれはそのままでは使えません。"
"01:20:49","2026/01/15","14:51:58","speaker1","","せいぜいいいものの材料として使うぐらいでいざとかこういうのは全く使えません。だからこの向こうで出た溶鉱炉から出たやつをコピーとかっていう、あの、ええなんかこんな大きな"
"01:21:08","2026/01/15","14:52:17","speaker1","","車に乗せてですね、運んでいって、大体転炉へ持って行きます。線路へ持っていってここで手鋼と有効にします。不純物を取り除いてですねこっから先が、我々がろくにいう鉄になっていくわけですね。板になったりいろんなものに加工されてる。"
"01:21:32","2026/01/15","14:52:41","speaker1","","考えてごらんなさいよ。例えば我々現地でですね、線を切ったり、ドライバーでネジを回したりしますね。同じ鉄同士のに、なんでドライバーの刃はねあのレジに勝つんだろうかっちゅう。"
"01:21:48","2026/01/15","14:52:57","speaker1","","ね。硬いからですよね。45Cだとかっていう形ですよねってのは硬いんですね。硬いからちょっと柔らかいレジはちゃんとね、こっちの方が"
"01:22:04","2026/01/15","14:53:13","speaker1","","ね、バスを掛けた何の意味もないんですからね、ちゃんとね物は切れるしね鉄が鉄を削るっていうこともあるわけですから、それ以上のことをやろうと、もう少しいろんな金属混ぜてやらなきゃ駄目ですけども、簡単に言うとね、現地で針が切れると"
"01:22:26","2026/01/15","14:53:35","speaker1","","こういうことでから、自動車を自動車を作ったりね。今は自動車もですね、軽くしなきゃいかんので、ほとんどですね、数校じゃなくて、校長旅行手配店"
"01:22:42","2026/01/15","14:53:51","speaker1","","ですね。私物でも厚みが昔の厚みの鉄板がですね、多分半分ぐらいの厚みになってて、強度はちゃんと保てるという。"
"01:22:57","2026/01/15","14:54:06","speaker1","","ことで軽量化されていってると思います。そういうことで鉄ってのは溶鉱炉で出てくるのは銑鉄だということで銑鉄はそのままでは使えないんで線路が昔はね、別の方もあったんですHaloだとかいろいろありますし今ほとんど転炉でやってるね。電炉でやる場合もあるかわかりませんけどもいずれにしてもこっからまた不純物を取ってですね"
"01:23:28","2026/01/15","14:54:37","speaker1","","俗に10A項に鋼にして我々が使うということで、一番生に近いのは、我々敷板に使う鉄板かな。"
"01:23:41","2026/01/15","14:54:50","speaker1","","敷板に下西市体育鉄板だとかそれからH項だとかアングルだとか、これは一番純粋な手続きかもわかりません私昔ですね。"
"01:23:57","2026/01/15","14:55:06","speaker1","","木曽川ももうずいぶん昔ですけれども中央温泉の木曽川の成層っていう町があるんですが、あそこの撤去を解体したことがあるんですね。これイギリスから持ってきた鉄で作った撤去だったんですが、あの近くに石という義父に石っていうから物の場所があるんですが、関の刃物屋さんがですね、その鉄を売ってくれっつってこられました。"
"01:24:22","2026/01/15","14:55:31","speaker1","","いわゆる本当の純鉄なんですねそれは多分、パリのエッフェル塔だとかですね、サンフランシスコの金門今日だとかっていうこういう500年以上の昔の橋はですね、こういう純鉄が使われてるんじゃないかなと思います。だから、"
"01:24:44","2026/01/15","14:55:53","speaker1","","SL等々、東京タワーと高さはそんなに違いませんけども、鉄を使ってる量はですね、遥かにすると多いと思います。"
"01:24:53","2026/01/15","14:56:02","speaker1","","鉄の強度がないんですねから。今ここにスカイツリーあります。スカイツリーは、あれは本当に強い。もう世界最強の校長旅行が特色使われ、使われてます。"
"01:25:10","2026/01/15","14:56:19","speaker1","","めちゃくちゃ強いやつ。ですからあれ、あの径は直径3.2メーターしかないんですけど3.2メーター厚み10センチのあれですね。まっすぐ上まで立ち上げて、重量的には非常に軽く作ってますねあれは"
"01:25:28","2026/01/15","14:56:37","speaker1","","そういうふうになってます。いわゆる鉄が強くなってんです。それは強くない。非常に強くなってる。そういう面で鉄棒し、どんどんどんどん進化をしてますし、進化しないのは、"
"01:25:44","2026/01/15","14:56:53","speaker1","","我々ぐらいのもんくもんかな"
"01:25:49","2026/01/15","14:56:58","speaker1","","なんかいやもうなんかあと5分ぐらい何か質問ありませんか。"
"01:25:55","2026/01/15","14:57:04","speaker1","","ウェブで参加の方々が、"
"01:25:59","2026/01/15","14:57:08","speaker1","","いらっしゃいますか。"
"01:26:02","2026/01/15","14:57:11","speaker1","","ウェブの先の方々でご質問ある方とかいらっしゃいますか。"
"01:26:15","2026/01/15","14:57:24","speaker1","","ご質問がなかったら勝手に喋りますけども、第1回はですねね、うるさ型の2人がですね、牽制球を投げてきました割合真面目な話をしましたけども、2回目から今度はですね、好きなように話をさしていただこうと思います。もう少し面白くやらないとですね、理解できてくれないとみんなね。"
"01:26:43","2026/01/15","14:57:52","speaker1","","2回にはですね、何やるんですか。大体、大体っていうのは楽しいっていうね。買いたいっていうのは何でこんなに楽しいかっていうね、解体の楽しさものを発明発見、解体ってのはこんなに楽しいことなんだという。解体の楽しさこの前、名古屋で少し今年の6月に少し講演をさせていただいたときには、"
"01:27:13","2026/01/15","14:58:22","speaker1","","我々のベストなのを買いたいわ。いや友人じゃなくて、縄文人の壊し方だと、こういう話をしました。要するに縄文人は稲作も何もなかったしかし弥生人よりも今の現代人は遥かに利口だったと"
"01:27:31","2026/01/15","14:58:40","speaker1","","それは毎日行ける生きることを考えなきゃいけなかったと。いわゆる子供を育てるために家族を養うために雨が降っても何があっても狩りに出なきゃいかん弥生人はいいんですね稲作ですから、雨降ったら休めばよかったんですが条文上はそういうわけにいかんですね狩猟採集の時代ですから会議でなきゃいかん今日はやばい使う意向とかかわいい子とかね。小麦を取ろうとか。ええ。やるんです。"
"01:27:58","2026/01/15","14:59:07","speaker1","","でも、この茶色だった事実愛梨幸だったあの何もない情報のないあの人たちね。礼文島だとか三内丸山遺跡だとかっていう青森だとか北海道の阿野常務今なんかユネスコの伊佐になりましたけども、"
"01:28:20","2026/01/15","14:59:29","speaker1","","累積"
"01:28:22","2026/01/15","14:59:31","speaker1","","いう中に、折戸らしい数の翡翠が見つかってるんですねその翡翠は今でも"
"01:28:31","2026/01/15","14:59:40","speaker1","","新潟県の糸魚川のあのあそこにある姫川の上流にしか翡翠は取れないんですね。その姫川の水が青森の3台だとか礼文島日に使ってるんですね。"
"01:28:46","2026/01/15","14:59:55","speaker1","","しかもあの硬い石に穴を開けて紐を通して、ここに飾ってんですね。"
"01:28:52","2026/01/15","15:00:01","speaker1","","で、なぜ縄文人はそんなことができたのか。我々の解体とこれが同じ話だっていうことを次回にしますんでよろしくお願いします。"
"01:29:10","2026/01/15","15:00:19","speaker1","","概要報告もしていただきましたので、またぜひ見たいメモ来月、すいません拍手が終わっちゃったんですけど次の解体にもしかしたら繋がるかなと思って1個質問なんですけどもて普通金属の種類によって、"
"01:29:30","2026/01/15","15:00:39","speaker1","","破断の違いだったりとか、あとはガスであぶったときの熱の加わり方ケーキれ方、ここに関して知らない人が結構多いと思うんで肌がね。"
"01:29:45","2026/01/15","15:00:54","speaker1","","破断は学説さんは熱伝導性の問題ですからほとんど川鉄は変わらないと思います少々漫画が減るとね。何が入るとほとんど変わらない。それは今度やりましょう。"
"01:30:00","2026/01/15","15:01:09","speaker1","","全ての金属はガス溶断ができると。金属は必ず切れると、セラミックは切れない。こういうお話。それから"
"01:30:14","2026/01/15","15:01:23","speaker1","","別の強さ"
"01:30:17","2026/01/15","15:01:26","speaker1","","強さっていうのは一つだけ申し上げますよ。今日5台分いないんだけども、大阪ガスのを探すの救急タンクをやったときに、1回こういうことがありました。"
"01:30:32","2026/01/15","15:01:41","speaker1","","遊び1.5メーターでリンゴをこうやってて、たまたま聞いてですね下がですね、地面につかないところで終わったんですよ。で、次の日から"
"01:30:48","2026/01/15","15:01:57","speaker1","","途中で切れて"
"01:30:50","2026/01/15","15:01:59","speaker1","","落ちてたんですよ。1.5メーターですよ。厚み25ミリの鉄板ぐらいですよね。幅1.5メーター遊び25ミリの鉄板が、それもパンの中ですから、外じゃない風の影響も受けないんですよ。それがですね、"
"01:31:05","2026/01/15","15:02:14","speaker1","","ばさっと切れて、半分下に地面に教えたことがあったんです。"
"01:31:10","2026/01/15","15:02:19","speaker1","","破断があったんですね。いやいや、どっかに当たったわけじゃないっすよ。"
"01:31:14","2026/01/15","15:02:23","speaker1","","結局、大阪ガスの自立に不思議な話だった。なぜそれが起こったのかっていうね。切れるわけじゃないんですよね。"
"01:31:24","2026/01/15","15:02:33","speaker1","","結論的には"
"01:31:28","2026/01/15","15:02:37","speaker1","","あれ疑問の先生なかったんすよ。アメリカのシールだったらDSっていうねアメリカの少し休憩ホルダーに使うタンクは少し硬いんですね。鉄の種類としては"
"01:31:44","2026/01/15","15:02:53","speaker1","","結局原因とかわかるわけないですよ。結局不問にして、あれは鉄の材質が悪かったと"
"01:31:56","2026/01/15","15:03:05","speaker1","","元々呆れる運命にあったんだよいうことで処理して終わりましたけども、破断したことが果たしては、いや落ちてたんですよ。切れて落ちてたんです。"
"01:32:06","2026/01/15","15:03:15","speaker1","","もうもう本当にあり得ないことが1回起こったことがあります。"
"01:32:11","2026/01/15","15:03:20","speaker1","","だからそれからですね、必ず"
"01:32:16","2026/01/15","15:03:25","speaker1","","切ったやつは着手をして、支社につくところに着手してね。例えば、"
"01:32:23","2026/01/15","15:03:32","speaker1","","何かの拍子で少しずつ入れてですね、その振動でどっか弱いところがですね消えて落ちたんじゃないかなというふうにしか推測できないんですけども間違いなくあればチェック解除会場すいません。5台参加してます。"
"01:32:38","2026/01/15","15:03:47","speaker2","","どこにあるんだ。新しいすいません。ウェブで参加そういうふうに言って今アメリカ産のT1項にはこういうものでTはちょっと素材が悪いということで確かが、第1会議室に飾ってある写真がそうですよね東大阪の"
"01:32:58","2026/01/15","15:04:07","speaker2","","花博の横でやった現場がそうなんすけども、当時大阪ガスの方がですねIHIに検査で出したんですけども。"
"01:33:12","2026/01/15","15:04:21","speaker2","","あのサイズであの厚みですね17ミリだったと思うんすけどもそれがですね焼き入れた状態ですよね。上下上下するって状態で切れるっていうともう何百年かかるっていうような"
"01:33:27","2026/01/15","15:04:36","speaker2","","何か計算が出たんですよ。Cなものですからこの揺れでもって切れたではないんですよね。また切断面を見ますと、金属疲労が起こったような飼い方の7色になったんですよね。色が。なもんですから、多分、建設時に何か悪さしたんじゃないかなっていうのが県"
"01:33:48","2026/01/15","15:04:57","speaker1","","見解です。以上ですすいません。うん、ありがとうございどこにいたの。いや、すいません。8回見ます。そうです、いいえ。はい。すいません。いやいや、そういうことがありましただから信じられないことが起こることもあるんですねそれは我々の責任でも大阪ガスの責任でもどこの責任でもない結果的に分析解析に出すという大阪府がやるって結局わからなかったってのあれね。最後はわからなくは"
"01:34:23","2026/01/15","15:05:32","speaker1","","丁度そのときは平方だったかな。"
"01:34:27","2026/01/15","15:05:36","speaker1","","あんときにですね、僕は写真があると思いますけども、産経新聞が勝手に上空からヘリコプターでですね、写真を撮ってですね、新聞に載せたんですよ。"
"01:34:39","2026/01/15","15:05:48","speaker1","","ね、我々の一言も言葉じゃなくて、それで文句言ったら、写真の現場を送れたんですね。"
"01:34:49","2026/01/15","15:05:58","speaker1","","確かに後ろにですね、"
"01:34:53","2026/01/15","15:06:02","speaker1","","何か"
"01:34:55","2026/01/15","15:06:04","speaker1","","何か注意書きはあったように思うんですがそれを私忘れたもんですから、それを私が写真に撮ったんですよね半径はこっちに来たわけですよ。"
"01:35:09","2026/01/15","15:06:18","speaker1","","あのヘリコプターで撮った写真っていうのはねあそこで5段床であれ平形じゃなくてどこだ大阪だよな"
"01:35:21","2026/01/15","15:06:30","speaker1","","大阪東大阪です。東大阪ね4機のうち3機やったんだよな。はい。そうです。西宮で4冠大阪に参加。はい。節目で一貫です。はい。節目で一貫してね。だから8から同時にやったんだよね。"
"01:35:37","2026/01/15","15:06:46","speaker1","","はい。そうだね。うん。すぐ終わったね。貧乏の会社が一気に金持ちになったときだねよかったね。"
"01:35:47","2026/01/15","15:06:56","speaker2","","はいいいえ。"
"01:35:51","2026/01/15","15:07:00","speaker1","","大丈夫ですか。"
"01:35:53","2026/01/15","15:07:02","speaker1","","はい。ありがとうございます。鉄の金属関係に関して知識がもらえたんで、解体の方法だったりとか、"
"01:36:05","2026/01/15","15:07:14","speaker1","","に活かせるんじゃないかなと思って質問しましたありがとうございました。あとせっかくなんで、2次会なんか可知さんが言ってくれたようにこんなこと聞きたいみたいなのがもしあれば可知さんだけじゃなくてもZoomの先の方でもいいんですけど"
"01:36:21","2026/01/15","15:07:30","speaker1","","ちょっとこういうのを変え切りたいなってあればくださいよ。そうするとね、会話型になっていくんでねいいと思うんだよね。"
"01:36:32","2026/01/15","15:07:41","speaker1","","それからぜひともこの教科書はですね、本当はこれを全部喋ると、皆さんに言われたんですが、ちょっと喋ってませんね。嫌ですね目を通しておいて、一つか二つどっかそういうことかというところがあったら、記憶に残しといてください。それで十分かと思うんで、"
"01:36:58","2026/01/15","15:08:07","speaker1","","本来の目的は、"
"01:37:01","2026/01/15","15:08:10","speaker1","","本来の目的はですねうちには工事もそうですし、それから営業もそうですし、どんどんどんどんみんな若い方が多くなってきまして先輩たちが若い方々にちゃんとしたですね、経験だとか知識を伝えておけばよかったんですが、"
"01:37:25","2026/01/15","15:08:34","speaker1","","なかなかそういう機構もなかったし、そういうそのこともできてなかったんで、結局先輩たちの持ってる知識が伝わっていってないということがあろうかと思うんですね。かっこいい言葉で言うと、オチを知を知識の知を共有するっていう。"
"01:37:54","2026/01/15","15:09:03","speaker1","","ナレッジマネジメントの一環としてですね、私が代表として皆さんにいろいろ聞きながら、遺言っていう形ですね。伝えていくとこういうことにしたいと思います。ですから、あの、今日でこれに懲りずに"
"01:38:12","2026/01/15","15:09:21","speaker1","","また来週もあるでしょ"
"01:38:15","2026/01/15","15:09:24","speaker1","","来週もあるんですね。面白いねから5位かねっていうことはないように、一つ来週も必ず出てきていただきたいと石尾一生懸命喋りますんでよろしくお願いしますありがとうございました。ありがとうございました。"
"01:38:33","2026/01/15","15:09:42","speaker1","","ありがとうございました。"
"01:38:37","2026/01/15","15:09:46","speaker1","","はい。ではこちらで終了したいと思います。ありがとうございました。お疲れ様でした。どうもありがとうございましたです。"
